trade_id,trade_userid,trade_timestamp,trade_type,trade_market,trade_pair,trade_volume,trade_openprice,trade_cost,trade_currentprice,trade_closeprice,trade_profit
1,1001,"2025-02-03 16:33:03.934934",sell,Forex,USD/JPY,5.08383098146308,466.170980352399,2369.93447257454,370.627162437595,,
2,1001,"2025-02-06 23:46:12.934987",buy,Cryptocurrencies,USD/GBP,2.84108871665732,874.84283786571,2485.50611550873,70.4671802563151,70.4671802563151,-804.375657609394
3,1001,"2025-02-02 08:07:40.935022",buy,Stocks,USD/EUR,0.463163708616919,375.224503174075,173.790372454045,749.996228752419,749.996228752419,374.771725578344
4,1001,"2025-02-04 09:15:10.935053",buy,Forex,GBP/EUR,7.40031154032881,360.605204085194,2668.59085329429,113.820474867156,113.820474867156,-246.784729218038
5,1001,"2025-02-02 10:08:51.935082",buy,"Derived Indices",EUR/JPY,6.5233461188866,349.497595635478,2279.89378404889,361.553260246512,361.553260246512,12.055664611034
6,1001,"2025-02-07 10:14:26.935111",sell,Commodities,USD/EUR,5.75070521622223,290.938146740737,1673.09951805999,649.458068918285,649.458068918285,358.519922177548
7,1001,"2025-02-07 20:40:46.935139",buy,Forex,EUR/GBP,8.52309342657785,233.079469735403,1986.55809637206,492.931702800651,492.931702800651,259.852233065248
8,1001,"2025-02-05 03:02:28.935166",sell,Forex,EUR/USD,5.80238433627603,699.991847742757,4061.62173286349,897.644160344281,897.644160344281,197.652312601523
9,1001,"2025-02-02 15:42:11.935192",sell,Cryptocurrencies,JPY/GBP,8.40196733115599,721.272698128188,6060.10964652777,481.853289285148,481.853289285148,-239.41940884304
10,1001,"2025-02-05 02:00:48.935218",buy,Cryptocurrencies,GBP/JPY,2.95744247707853,249.985635090929,739.318135877368,614.513842017216,,
11,1001,"2025-02-03 11:30:35.935244",sell,Cryptocurrencies,GBP/JPY,5.53432760090088,375.538176694797,2078.35129647401,553.117086758772,553.117086758772,177.578910063974
12,1001,"2025-02-07 17:24:51.935270",sell,Cryptocurrencies,USD/JPY,7.96346555466798,125.529103500265,999.646691832708,610.04086224528,610.04086224528,484.511758745016
13,1001,"2025-02-04 04:19:15.935299",sell,Commodities,EUR/GBP,0.758313046931097,733.558800451608,556.26720907358,189.420735504004,189.420735504004,-544.138064947604
14,1001,"2025-02-05 12:56:54.935326",sell,Forex,EUR/GBP,2.4333482860435,801.541759610321,1950.43026694006,194.540936920263,194.540936920263,-607.000822690058
15,1001,"2025-02-03 12:08:50.935351",buy,Forex,JPY/GBP,4.6805298781291,818.433445076861,3830.70219294238,383.174985130658,383.174985130658,-435.258459946203
16,1001,"2025-02-07 05:00:21.935376",buy,Stocks,EUR/JPY,6.27995615954852,390.052309159479,2449.5114014522,907.407389854902,907.407389854902,517.355080695422
17,1001,"2025-02-06 02:18:21.935401",buy,Commodities,JPY/GBP,7.90711239112286,623.872028369228,4933.02624599327,894.953657220448,894.953657220448,271.08162885122
18,1001,"2025-02-04 23:01:04.935427",buy,Cryptocurrencies,JPY/GBP,3.48660931228748,574.190788022603,2001.9789485493,877.997980394132,877.997980394132,303.807192371529
19,1001,"2025-02-03 01:37:53.935451",buy,Stocks,JPY/EUR,7.25030042709136,799.322412121758,5795.32762599008,236.958881280315,,
20,1001,"2025-02-04 18:07:25.935476",sell,Stocks,JPY/EUR,3.49099014606758,603.039071129553,2105.20345500702,959.484046618388,959.484046618388,356.444975488834
21,1001,"2025-02-04 08:53:50.935501",buy,"Derived Indices",GBP/USD,9.32797099658776,615.339693080301,5739.87081010227,873.40266985471,,
22,1001,"2025-02-07 12:39:17.935526",sell,Cryptocurrencies,JPY/GBP,4.56330977690091,739.079793268476,3372.65004653194,926.312827777709,926.312827777709,187.233034509233
23,1001,"2025-02-01 22:37:07.935551",sell,Cryptocurrencies,USD/GBP,4.05012676831429,871.197398441507,3528.45990391372,595.36268138748,595.36268138748,-275.834717054027
24,1001,"2025-02-07 01:07:27.935576",sell,Stocks,JPY/EUR,9.237306294805,123.124627055131,1137.33989254188,864.882959206827,864.882959206827,741.758332151697
25,1001,"2025-02-07 10:34:24.935601",buy,Stocks,USD/GBP,1.73858184253694,913.621968250338,1588.4065649429,581.855634550632,,
26,1001,"2025-02-02 04:12:19.935627",sell,Forex,USD/EUR,4.20477882489754,186.255607201054,783.163633177425,157.176100475582,157.176100475582,-29.0795067254721
27,1001,"2025-02-07 09:03:45.935654",sell,Stocks,USD/GBP,4.73549510156966,432.521016283382,2048.20115393588,355.89312905884,355.89312905884,-76.6278872245422
28,1001,"2025-02-06 21:19:17.935679",sell,Forex,JPY/EUR,4.06755430266573,458.755946400547,1866.01472365503,446.355119468846,446.355119468846,-12.4008269317014
29,1001,"2025-02-02 22:55:05.935704",sell,"Derived Indices",EUR/USD,4.14646829387115,379.576223116955,1573.90077426182,647.559547806626,,
30,1001,"2025-02-03 14:32:11.935729",buy,Stocks,JPY/GBP,0.295134323768205,229.75244031362,67.8078311060551,675.173816162741,,
31,1001,"2025-02-05 21:05:21.935753",sell,Cryptocurrencies,EUR/JPY,6.0716542815521,723.604965347402,4393.47918600391,988.841494135888,988.841494135888,265.236528788487
32,1002,"2025-02-02 01:19:37.935779",buy,Stocks,JPY/USD,7.38545567064042,330.750160495732,2442.74064839843,636.908367161851,,
33,1002,"2025-02-04 04:32:07.935804",sell,Commodities,EUR/USD,3.85895484085594,819.269126121056,3161.52256020867,266.82919909698,266.82919909698,-552.439927024077
34,1002,"2025-02-03 16:03:59.935829",sell,Stocks,GBP/USD,7.65969736218163,441.765263843964,3383.78822616908,948.968773892535,,
35,1002,"2025-02-01 23:01:51.935853",sell,Stocks,USD/JPY,7.01857394629295,489.930583478843,3438.61402869671,744.270074786379,744.270074786379,254.339491307536
36,1002,"2025-02-02 18:07:10.935881",sell,Forex,GBP/USD,8.24358037152557,901.566578224022,7432.13654787102,686.352017881027,686.352017881027,-215.214560342995
37,1002,"2025-02-02 20:16:31.935906",buy,Stocks,USD/JPY,0.208858703718957,654.906184468346,136.782856745587,214.357059042997,214.357059042997,-440.549125425348
38,1002,"2025-02-06 09:48:11.935930",sell,"Derived Indices",EUR/GBP,4.10337686533534,499.331111636889,2048.94373163299,839.725893546513,839.725893546513,340.394781909624
39,1002,"2025-02-03 23:51:07.935955",sell,Forex,EUR/USD,3.95402657901557,91.9706812458752,363.654518136359,252.895618584508,252.895618584508,160.924937338633
40,1002,"2025-02-05 14:53:33.935980",sell,Cryptocurrencies,GBP/USD,1.43651264646995,949.813729087188,1364.41943362453,954.546067174237,954.546067174237,4.73233808704879
41,1002,"2025-02-05 18:41:25.936004",buy,Forex,JPY/GBP,6.27099225395941,847.943770821412,5317.44881861421,163.125419474404,163.125419474404,-684.818351347008
42,1002,"2025-02-07 10:53:26.936029",sell,Cryptocurrencies,EUR/JPY,0.123159967195205,465.08469763352,57.279816103536,86.9876906381675,,
43,1002,"2025-02-05 16:49:09.936053",sell,Stocks,EUR/JPY,4.51545715228376,918.14043970762,4145.82381527873,950.734980282594,,
44,1002,"2025-02-03 05:10:31.936077",buy,Commodities,EUR/USD,4.94530714006709,695.353798872674,3438.73810643781,257.171328770594,257.171328770594,-438.18247010208
45,1002,"2025-02-06 07:01:58.936102",buy,Forex,JPY/EUR,4.7847801690052,592.381119400232,2834.41343259933,560.248515622808,560.248515622808,-32.1326037774239
46,1002,"2025-02-05 06:25:18.936126",sell,Forex,JPY/EUR,0.643337885000102,427.545033133207,275.055917358216,747.613902639018,747.613902639018,320.068869505811
47,1002,"2025-02-02 18:49:23.936151",sell,Forex,USD/EUR,7.27519103813474,86.1836696129171,627.002660801459,346.476214130385,346.476214130385,260.292544517468
48,1002,"2025-02-04 00:08:55.936175",sell,Stocks,EUR/USD,2.40629880006097,629.632462672639,1515.08383940861,619.704556300482,619.704556300482,-9.92790637215751
49,1002,"2025-02-03 09:15:36.936199",buy,Cryptocurrencies,GBP/USD,0.621569976174563,933.264010331,580.088888666017,19.3905792922131,,
50,1002,"2025-02-07 05:37:24.936223",buy,Stocks,GBP/USD,4.271434322543,984.242634507302,4204.12777074463,423.58911434566,423.58911434566,-560.653520161642
51,1002,"2025-02-03 07:37:38.936248",buy,Forex,GBP/JPY,2.84492989239806,854.293603474982,2430.40540941043,593.217449126186,593.217449126186,-261.076154348796
52,1002,"2025-02-07 18:21:09.936272",sell,Stocks,EUR/USD,4.23404968027079,950.461572110723,4024.30151550508,98.5168922891369,98.5168922891369,-851.944679821586
53,1002,"2025-02-02 08:59:43.936297",buy,"Derived Indices",JPY/GBP,8.39447477930413,745.919294664688,6261.60070645905,407.564434061233,,
54,1002,"2025-02-05 19:36:42.936321",buy,Forex,JPY/EUR,8.02761990258576,46.3646180523475,372.197530652812,827.943638836026,827.943638836026,781.579020783679
55,1002,"2025-02-05 01:35:19.936346",buy,Commodities,EUR/USD,6.99060411873254,182.156296727292,1273.38255815488,760.65609094705,760.65609094705,578.499794219758
56,1002,"2025-02-03 07:08:59.936370",buy,Forex,USD/JPY,3.97258068419576,895.972226815561,3559.32196182336,462.85777679597,462.85777679597,-433.114450019591
57,1002,"2025-02-06 09:51:59.936394",sell,Stocks,EUR/USD,2.88577050971752,335.760851716172,968.928764200166,737.860527978218,737.860527978218,402.099676262046
58,1002,"2025-02-03 06:07:50.936419",buy,Commodities,JPY/GBP,0.853695508953972,90.2357537485715,77.033857722232,686.426176023,,
59,1002,"2025-02-05 18:37:28.936443",buy,Forex,USD/JPY,8.79843686491607,681.235991033473,5993.81185721654,274.357987467727,274.357987467727,-406.878003565746
60,1002,"2025-02-03 10:48:43.936468",sell,Forex,USD/JPY,1.97329324387156,930.789447004641,1836.7205272412,702.000830659192,,
61,1002,"2025-02-04 22:51:58.936492",buy,Cryptocurrencies,GBP/EUR,0.111089103653084,821.747448234019,91.2871874535262,909.614296176674,,
62,1002,"2025-02-06 08:47:41.936517",sell,Stocks,USD/GBP,6.37665646068615,981.374316247149,6257.88687404884,267.205545253518,267.205545253518,-714.168770993631
63,1002,"2025-02-02 15:23:27.936541",sell,Cryptocurrencies,JPY/GBP,9.32707824454917,963.362083820405,8985.35353362485,636.295674202609,636.295674202609,-327.066409617796
64,1002,"2025-02-06 18:06:51.936566",sell,Commodities,EUR/USD,0.673412559532103,773.274449606814,520.732726330503,478.838149550738,478.838149550738,-294.436300056077
65,1002,"2025-02-04 17:34:33.936590",buy,Stocks,EUR/USD,8.23297817933367,598.45190063626,4927.04143931909,74.9698831282728,74.9698831282728,-523.482017507987
66,1002,"2025-02-05 23:07:34.936615",buy,Commodities,USD/EUR,4.56873154086379,280.890399618849,1283.31282826447,431.919489213613,431.919489213613,151.029089594764
67,1002,"2025-02-05 02:02:06.936641",buy,Commodities,JPY/GBP,8.6937377930697,775.094552216636,6738.46880180821,140.021775145284,,
68,1002,"2025-02-05 02:27:49.936666",buy,Forex,JPY/EUR,8.95158211642343,281.473050325183,2519.62912354606,415.240666251893,415.240666251893,133.767615926709
69,1002,"2025-02-07 10:15:53.936691",buy,Stocks,GBP/USD,2.11664236783511,476.817135501488,1009.25135071223,167.653280896472,167.653280896472,-309.163854605016
70,1002,"2025-02-02 03:42:01.936716",buy,Forex,JPY/EUR,9.2163936933753,629.958118415101,5805.94202965151,42.2009176963394,,
71,1002,"2025-02-02 10:13:32.936740",sell,Stocks,GBP/USD,6.55004272134242,562.828545857366,3686.55102015678,169.217214387408,,
72,1002,"2025-02-03 05:25:47.936765",buy,Forex,USD/EUR,6.04020342638111,81.7224189166133,493.62003475228,485.139446369952,485.139446369952,403.417027453339
73,1002,"2025-02-04 15:53:00.936789",sell,Cryptocurrencies,EUR/JPY,1.11764480447739,727.042455045148,812.575222515696,154.462853294794,154.462853294794,-572.579601750354
74,1002,"2025-02-04 21:23:28.936814",buy,Cryptocurrencies,GBP/JPY,0.96987834153385,19.6731389449918,19.0805513727337,522.534526950864,522.534526950864,502.861388005873
75,1002,"2025-02-05 23:55:06.936843",buy,Stocks,EUR/JPY,8.23226320729768,977.691722451638,8048.61559481811,696.262001414454,,
76,1002,"2025-02-03 18:35:02.936868",sell,Cryptocurrencies,EUR/GBP,3.05847527473941,598.828871003167,1831.5032957633,616.81473311695,616.81473311695,17.9858621137832
77,1002,"2025-02-02 06:35:01.936893",buy,Cryptocurrencies,USD/EUR,7.85994227884673,664.211917116258,5220.66732945592,601.501104005611,601.501104005611,-62.7108131106473
78,1003,"2025-02-05 03:39:56.936920",buy,Commodities,EUR/JPY,2.27021847484464,254.632201670045,578.070728521702,873.06573092628,,
79,1003,"2025-02-02 23:01:17.936946",buy,Cryptocurrencies,USD/GBP,3.38991479101558,170.055818705335,576.474735127478,656.730389044957,,
80,1003,"2025-02-06 02:58:39.936974",buy,Cryptocurrencies,JPY/USD,1.82451403212471,424.215790780976,773.987662928772,842.047882214164,,
81,1003,"2025-02-03 18:05:24.937003",sell,Cryptocurrencies,GBP/JPY,5.18855909130638,770.046649186113,3995.43254236462,547.867518129656,547.867518129656,-222.179131056457
82,1003,"2025-02-06 06:59:32.937028",sell,Commodities,USD/EUR,9.13239712160524,427.503717604721,3904.13372012889,596.426825307429,,
83,1003,"2025-02-07 19:08:00.937054",buy,Commodities,JPY/EUR,3.79120150817045,411.257081254886,1559.1584666993,636.215127894043,636.215127894043,224.958046639157
84,1003,"2025-02-06 23:46:54.937079",sell,"Derived Indices",USD/JPY,1.71888633859173,519.669180390393,893.252254760206,597.021342920578,597.021342920578,77.3521625301848
85,1003,"2025-02-05 17:29:07.937105",sell,"Derived Indices",JPY/EUR,4.59251645969803,775.738394429735,3562.59134483828,970.122834627759,,
86,1003,"2025-02-03 12:21:38.937130",sell,Forex,JPY/GBP,9.4909752130292,154.299002562304,1464.44800871396,592.005527399283,592.005527399283,437.706524836979
87,1003,"2025-02-05 16:46:31.937156",sell,Stocks,EUR/USD,4.5190496004746,538.176806046699,2432.04768035003,708.331738171082,708.331738171082,170.154932124383
88,1003,"2025-02-03 01:43:54.937181",buy,Commodities,EUR/USD,0.489501052618246,66.5159875284217,32.5596459111045,937.239635372012,937.239635372012,870.72364784359
89,1003,"2025-02-05 17:00:19.937206",sell,Forex,EUR/USD,4.85098110776153,588.823993438163,2856.37406796522,403.405198579757,403.405198579757,-185.418794858406
90,1003,"2025-02-06 15:02:12.937231",sell,"Derived Indices",GBP/EUR,1.4825474220875,520.440068293458,771.577081599507,670.195614970643,670.195614970643,149.755546677186
91,1003,"2025-02-05 23:25:18.937260",sell,Forex,JPY/EUR,2.4221568040148,196.465592927945,475.870472665226,164.602206344252,164.602206344252,-31.8633865836933
92,1003,"2025-02-06 11:23:38.937286",buy,Cryptocurrencies,EUR/USD,5.74903649172441,502.203016368343,2887.18346735568,870.215934633931,870.215934633931,368.012918265588
93,1003,"2025-02-07 21:14:37.937311",sell,Forex,EUR/GBP,1.15527100004911,662.296615530331,765.132073352865,654.720647271077,654.720647271077,-7.5759682592535
94,1003,"2025-02-07 13:08:20.937336",sell,Cryptocurrencies,GBP/JPY,1.18018535448092,754.903484989417,890.926037031119,295.798739575332,,
95,1003,"2025-02-02 03:27:34.937361",buy,Forex,EUR/GBP,8.19655874013271,764.66228342885,6267.59932248858,441.227481664804,441.227481664804,-323.434801764046
96,1003,"2025-02-03 07:32:56.937387",buy,Stocks,GBP/USD,5.53014724434962,613.733487443708,3394.0365543519,386.61550719047,386.61550719047,-227.117980253238
97,1003,"2025-02-04 16:07:57.937412",sell,"Derived Indices",JPY/USD,4.68859103362567,607.414107447564,2847.91633787639,623.295442549518,623.295442549518,15.8813351019543
98,1003,"2025-02-02 01:04:42.937443",sell,"Derived Indices",USD/EUR,2.53608962210018,117.829158428264,298.825305870719,531.35755929627,,
99,1003,"2025-02-04 10:48:47.937469",buy,Cryptocurrencies,USD/JPY,8.99050243460487,203.820205826711,1832.44605670671,650.999967013057,,
100,1003,"2025-02-03 09:11:49.937495",sell,Stocks,USD/JPY,2.92024172942304,110.406620164724,322.414019409587,264.208802043303,264.208802043303,153.802181878579
101,1004,"2025-02-06 18:03:50.937522",sell,Commodities,EUR/USD,5.27256230110957,405.906154736115,2140.16548924999,824.942275439704,824.942275439704,419.036120703589
102,1004,"2025-02-07 11:51:12.937550",buy,Stocks,GBP/USD,5.54724276734699,963.297606485204,5343.64568037772,807.932624277407,807.932624277407,-155.364982207798
103,1004,"2025-02-02 23:11:14.937574",buy,"Derived Indices",GBP/EUR,6.50139854288632,520.023418630394,3380.87949615041,795.806411876711,795.806411876711,275.782993246317
104,1004,"2025-02-07 17:29:18.937599",buy,"Derived Indices",JPY/EUR,8.11434676010757,734.638486909778,5961.11142610669,674.710422835308,674.710422835308,-59.9280640744699
105,1004,"2025-02-03 06:44:33.937623",sell,Stocks,USD/JPY,1.86661505575494,870.567028404542,1625.01352226376,540.004520824234,540.004520824234,-330.562507580308
106,1004,"2025-02-06 13:19:55.937648",sell,Commodities,GBP/JPY,1.45075355031166,598.531571834311,868.321802812244,987.907665012738,987.907665012738,389.376093178427
107,1004,"2025-02-07 05:22:29.937674",sell,Cryptocurrencies,USD/EUR,3.43854861427866,347.679124229478,1195.51157083289,607.187216111239,607.187216111239,259.50809188176
108,1004,"2025-02-03 20:58:05.937699",sell,Cryptocurrencies,GBP/USD,6.2098422556169,407.176034898593,2528.49894698782,350.124870027947,350.124870027947,-57.051164870646
109,1004,"2025-02-03 10:06:36.937730",sell,"Derived Indices",GBP/JPY,5.37628208685822,544.611795458466,2927.98664021504,654.368595356722,654.368595356722,109.756799898257
110,1004,"2025-02-04 19:55:51.937756",buy,Forex,JPY/GBP,5.84670256649508,995.525685797215,5820.54258216235,340.233853977478,340.233853977478,-655.291831819736
111,1004,"2025-02-05 23:17:56.937781",buy,Commodities,JPY/USD,9.27906041284658,354.095808996592,3285.67640361516,797.495461181832,797.495461181832,443.39965218524
112,1004,"2025-02-04 13:37:24.937807",buy,Commodities,EUR/USD,2.64476793767759,251.220148903228,664.418995117848,101.999852935596,101.999852935596,-149.220295967632
113,1004,"2025-02-04 15:41:34.937832",buy,Forex,GBP/USD,3.48257756877952,72.4779427483587,252.41005764672,235.083727095138,,
114,1004,"2025-02-07 21:23:05.937857",buy,Cryptocurrencies,JPY/EUR,5.20522633419533,403.011701903541,2097.76712373719,604.588390027011,604.588390027011,201.57668812347
115,1004,"2025-02-03 01:51:56.937883",sell,Stocks,EUR/GBP,3.86817060541814,931.289262497477,3602.38575033428,819.27521140628,,
116,1004,"2025-02-04 08:24:53.937908",sell,Forex,EUR/GBP,3.52638729272408,408.95037697751,1442.11741272821,698.001578013437,,
117,1004,"2025-02-06 00:00:32.937933",buy,Forex,USD/EUR,8.31039081089871,610.307234989042,5071.89163747793,899.279011019779,,
118,1005,"2025-02-03 20:25:47.937959",sell,Cryptocurrencies,USD/GBP,5.54034240536067,35.5537878799921,196.980158662718,963.483960473282,,
119,1005,"2025-02-06 16:01:39.937985",sell,Forex,JPY/USD,3.92596232747556,27.5109315171246,108.006880729991,371.150236953084,371.150236953084,343.639305435959
120,1005,"2025-02-06 10:43:37.938010",buy,Cryptocurrencies,JPY/GBP,1.50826875000324,698.084876569968,1052.89960418035,246.788303173766,246.788303173766,-451.296573396201
121,1005,"2025-02-07 18:29:29.938034",sell,Commodities,GBP/EUR,1.82015069705672,236.605658798147,430.657954789012,228.594603487783,,
122,1005,"2025-02-04 19:26:41.938059",sell,Stocks,EUR/JPY,7.71611844704926,419.988455003638,3240.68066520129,736.278236755788,736.278236755788,316.28978175215
123,1005,"2025-02-02 23:55:53.938083",sell,Commodities,GBP/USD,6.22758711077644,586.326747482173,3651.40089532345,197.79789969293,197.79789969293,-388.528847789242
124,1005,"2025-02-03 01:15:31.938107",sell,Commodities,JPY/USD,5.52479894083956,959.980877877823,5303.70133732563,118.638836690728,118.638836690728,-841.342041187095
125,1005,"2025-02-06 17:59:16.938132",buy,"Derived Indices",JPY/GBP,6.17940498072889,251.043188720819,1551.29753075949,812.579068706404,812.579068706404,561.535879985585
126,1005,"2025-02-03 04:52:51.938156",sell,Cryptocurrencies,JPY/GBP,0.856526908436709,662.105224745369,567.110941210944,810.794627019965,810.794627019965,148.689402274596
127,1005,"2025-02-03 10:38:34.938181",buy,Cryptocurrencies,USD/JPY,8.90497006967556,392.485420749832,3495.07092456128,234.695047421711,234.695047421711,-157.790373328122
128,1005,"2025-02-06 22:57:00.938205",buy,Commodities,EUR/USD,0.813634926386866,51.2561715963604,41.7038114036773,719.160154182055,,
129,1005,"2025-02-04 00:53:10.938229",sell,Commodities,USD/EUR,9.42892235776461,467.327467304246,4406.39440486252,971.042458093963,971.042458093963,503.714990789717
130,1005,"2025-02-03 00:02:00.938254",sell,"Derived Indices",USD/JPY,9.6818143449658,272.395964041754,2637.28715217024,91.3499508016631,,
131,1005,"2025-02-05 04:58:04.938279",sell,Cryptocurrencies,GBP/EUR,0.515317111973199,776.88744283141,400.343393368126,534.999111916667,534.999111916667,-241.888330914743
132,1005,"2025-02-05 14:31:14.938303",buy,Forex,EUR/JPY,6.20334729626133,491.155347947765,3046.80719973606,525.560460415871,525.560460415871,34.405112468106
133,1005,"2025-02-05 23:24:43.938331",buy,Cryptocurrencies,EUR/GBP,1.72046963450648,382.232961041898,657.620202780086,394.766270643549,394.766270643549,12.5333096016503
134,1005,"2025-02-05 07:44:12.938355",sell,Commodities,USD/GBP,8.8047597339786,992.491246484576,8738.64696337362,323.753252571495,323.753252571495,-668.73799391308
135,1005,"2025-02-03 01:25:22.938380",buy,Cryptocurrencies,GBP/EUR,1.8565448177501,731.205770389997,1357.51628372652,659.600219304261,659.600219304261,-71.6055510857362
136,1005,"2025-02-03 09:16:06.938404",sell,Commodities,EUR/USD,2.21376252647565,140.411485720016,310.837685373743,819.607476558376,819.607476558376,679.195990838359
137,1005,"2025-02-02 10:56:35.938429",sell,Commodities,USD/EUR,6.9199644902959,513.276941447117,3551.85820850174,569.371772930426,,
138,1005,"2025-02-06 06:26:07.938453",buy,Forex,EUR/GBP,2.02014328595097,744.294940897801,1503.58242762197,285.123076276379,285.123076276379,-459.171864621422
139,1005,"2025-02-06 00:47:29.938477",sell,"Derived Indices",EUR/GBP,5.43308710669609,618.828457937721,3362.14891607805,381.50730539824,381.50730539824,-237.321152539481
140,1006,"2025-02-07 08:19:11.938503",buy,Commodities,EUR/JPY,1.5739916982912,958.492745318186,1508.65962400317,333.662300174698,333.662300174698,-624.830445143488
141,1006,"2025-02-06 17:47:04.938527",buy,Commodities,JPY/GBP,3.97610441196051,724.85022882071,2882.08019282461,597.113890844916,597.113890844916,-127.736337975793
142,1006,"2025-02-06 15:48:04.938551",sell,Commodities,GBP/JPY,8.75519845904135,189.50608712625,1659.1634019867,408.30385343969,408.30385343969,218.79776631344
143,1006,"2025-02-05 22:42:04.938576",buy,Stocks,USD/EUR,6.06124187611956,62.2759208638428,377.469419413832,603.375276006305,603.375276006305,541.099355142462
144,1006,"2025-02-02 09:21:38.938600",buy,Forex,GBP/JPY,5.25093611149468,982.149498541684,5157.20426877892,826.879360989454,,
145,1006,"2025-02-06 01:44:09.938624",sell,Cryptocurrencies,GBP/USD,3.06449075386968,803.353246661324,2461.86859648481,736.279671741889,736.279671741889,-67.0735749194345
146,1006,"2025-02-05 07:27:21.938648",sell,Stocks,GBP/USD,5.91891667253576,841.404262779261,4980.20171930683,576.153548514915,576.153548514915,-265.250714264346
147,1006,"2025-02-03 10:44:38.938675",buy,"Derived Indices",JPY/USD,3.05738317852885,833.380073239016,2547.96221724211,522.897978576427,,
148,1006,"2025-02-05 17:04:31.938699",buy,"Derived Indices",GBP/EUR,7.08958817587384,486.096940745539,3446.22712343802,937.979761273706,937.979761273706,451.882820528167
149,1006,"2025-02-05 21:09:11.938723",sell,Forex,JPY/USD,1.40035914063458,16.958911775483,23.7485671200129,232.971465245805,,
150,1006,"2025-02-04 01:03:44.938748",sell,"Derived Indices",EUR/GBP,2.5450901108128,66.4841739397418,169.208213619595,269.088626898547,,
151,1006,"2025-02-07 09:27:24.938772",sell,"Derived Indices",USD/JPY,6.23502445797422,164.817986359413,1027.644176065,56.0355805756648,56.0355805756648,-108.782405783749
152,1006,"2025-02-07 15:27:53.938796",sell,Cryptocurrencies,JPY/USD,5.64566501627224,31.6051628077346,178.432161997216,963.760489871415,963.760489871415,932.15532706368
153,1006,"2025-02-02 16:35:47.938820",buy,Cryptocurrencies,USD/EUR,5.69676952025894,263.964761819805,1503.74640955748,206.116656432143,206.116656432143,-57.8481053876626
154,1006,"2025-02-07 13:00:18.938845",buy,Commodities,GBP/USD,6.86916564521272,722.807959266482,4965.08760187963,97.9518426366887,97.9518426366887,-624.856116629793
155,1006,"2025-02-06 10:52:29.938869",buy,"Derived Indices",GBP/JPY,4.6371763511337,710.756746257471,3295.90437515388,90.9080922893105,90.9080922893105,-619.848653968161
156,1006,"2025-02-02 05:37:06.938893",sell,Cryptocurrencies,EUR/USD,7.51790875568819,106.586885136907,801.310477012282,465.560641843555,465.560641843555,358.973756706649
157,1006,"2025-02-05 11:58:17.938918",sell,Commodities,EUR/JPY,1.73059289897973,788.415417390193,1364.42612278161,266.034626539158,,
158,1006,"2025-02-02 02:05:54.938942",sell,Stocks,JPY/EUR,7.74292351546891,246.408249267724,1907.92022766058,985.139759579466,985.139759579466,738.731510311743
159,1006,"2025-02-04 20:51:16.938966",buy,Stocks,USD/EUR,4.03407576580463,800.360746342085,3228.71589071991,457.179851039366,457.179851039366,-343.180895302719
160,1006,"2025-02-04 12:25:44.938990",sell,"Derived Indices",USD/JPY,3.19225610866658,363.104264400347,1159.12180611489,283.677273677562,283.677273677562,-79.426990722785
161,1007,"2025-02-02 10:32:01.939015",buy,Commodities,GBP/JPY,1.77165664610909,617.338407252785,1093.7116921078,898.214477554973,898.214477554973,280.876070302188
162,1007,"2025-02-04 05:50:31.939039",buy,Forex,EUR/USD,8.83592204723265,445.920184184666,3940.11598674333,92.6294441394895,92.6294441394895,-353.290740045176
163,1007,"2025-02-02 22:40:47.939064",buy,Commodities,EUR/USD,9.79984633275977,727.933692547117,7133.63832740014,997.107375510845,997.107375510845,269.173682963728
164,1007,"2025-02-07 19:01:04.939088",sell,"Derived Indices",USD/GBP,7.34181525436959,722.160086145467,5301.96593655964,88.6125187965992,88.6125187965992,-633.547567348868
165,1007,"2025-02-02 02:49:11.939112",sell,Cryptocurrencies,GBP/EUR,3.64220282672187,476.456219943487,1735.35019108739,464.672545201482,464.672545201482,-11.7836747420047
166,1007,"2025-02-02 06:12:40.939137",sell,"Derived Indices",USD/JPY,1.50552269863384,827.718430581001,1246.14888531728,247.475371628385,,
167,1007,"2025-02-04 22:45:46.939161",sell,"Derived Indices",GBP/USD,2.61435125826304,740.688432105132,1936.41973445493,845.299953142657,845.299953142657,104.611521037525
168,1007,"2025-02-05 13:37:40.939185",buy,Stocks,EUR/USD,9.9182519099616,684.852787577604,6792.5424684341,658.729585594742,,
169,1007,"2025-02-04 06:55:53.939210",buy,Stocks,JPY/GBP,6.5663116262597,220.517932607385,1447.98946467863,310.906937228317,,
170,1007,"2025-02-04 09:18:50.939234",sell,Cryptocurrencies,EUR/GBP,1.77390259652433,654.26086208316,1160.59504205356,10.1865155610161,10.1865155610161,-644.074346522144
171,1007,"2025-02-03 13:58:49.939258",sell,Forex,EUR/GBP,0.516044284196912,977.032325225553,504.191946908265,428.322944028825,,
172,1007,"2025-02-05 07:43:05.939282",sell,Forex,USD/JPY,9.63182253503286,756.422284560816,7285.72520643391,27.82649004445,27.82649004445,-728.595794516366
173,1007,"2025-02-04 02:46:16.939307",buy,Cryptocurrencies,GBP/JPY,1.05569125493486,121.454586507818,128.218544848033,545.291491878461,545.291491878461,423.836905370644
174,1007,"2025-02-07 08:22:15.939331",buy,Forex,GBP/EUR,0.576614076185699,304.265429631531,175.44372962223,745.761266744287,,
175,1007,"2025-02-03 04:45:38.939355",sell,Commodities,GBP/USD,5.77615852178866,434.890767462393,2511.99801252511,791.269238122844,,
176,1007,"2025-02-05 10:00:15.939380",buy,Cryptocurrencies,GBP/USD,8.30993931323588,102.918711975123,855.248250709672,672.508260308698,672.508260308698,569.589548333575
177,1007,"2025-02-02 09:47:21.939404",sell,Forex,JPY/USD,1.78876092441519,146.148537068845,261.424792269195,173.176428593294,173.176428593294,27.0278915244492
178,1007,"2025-02-03 03:29:13.939429",sell,Stocks,EUR/GBP,4.92790397935052,517.240139770333,2548.90974305404,390.666214368364,,
179,1007,"2025-02-07 21:25:45.939454",sell,Stocks,GBP/EUR,0.493683053386839,412.902190537921,203.842814174875,12.8918222951484,12.8918222951484,-400.010368242773
180,1007,"2025-02-04 12:32:11.939479",buy,Forex,USD/GBP,6.14672270365011,338.03353703202,2077.79841666987,204.136735611009,204.136735611009,-133.896801421011
181,1007,"2025-02-02 05:25:25.939504",buy,Forex,EUR/GBP,4.44153103652061,845.485366485607,3755.24949616983,468.223435465692,,
182,1007,"2025-02-07 16:44:27.939529",buy,Stocks,JPY/USD,5.79031758721771,820.024602060765,4748.20287526365,881.064050587549,881.064050587549,61.0394485267833
183,1007,"2025-02-05 08:47:23.939558",buy,Forex,GBP/USD,9.08534892530989,400.63031484167,3639.86620039333,416.91086451289,416.91086451289,16.2805496712204
184,1007,"2025-02-03 15:05:10.939583",buy,Cryptocurrencies,USD/EUR,7.20396403484279,724.179516595225,5216.96319232184,12.0828047441246,12.0828047441246,-712.096711851101
185,1007,"2025-02-06 04:32:04.939608",sell,"Derived Indices",USD/GBP,1.29814750480341,390.00049421453,506.278168436689,375.362491543307,375.362491543307,-14.6380026712222
186,1007,"2025-02-05 06:52:29.939633",sell,Stocks,JPY/GBP,8.89158673716517,418.548572822563,3721.56093896851,649.985589223361,649.985589223361,231.437016400798
187,1007,"2025-02-02 12:36:29.939660",sell,"Derived Indices",EUR/JPY,9.03428774212983,874.961607531682,7904.65492575769,129.352832239653,129.352832239653,-745.608775292028
188,1007,"2025-02-07 13:21:33.939686",buy,Forex,JPY/GBP,9.11033290414313,454.364540957961,4139.4122279652,405.375060910744,,
189,1007,"2025-02-07 16:05:47.939711",sell,Cryptocurrencies,JPY/GBP,2.82627362512864,695.567898402533,1965.86520574124,676.236956170488,676.236956170488,-19.330942232045
190,1008,"2025-02-05 19:05:24.939736",sell,Cryptocurrencies,JPY/EUR,5.86376759128173,917.468883482795,5379.82430497585,325.678150137927,325.678150137927,-591.790733344868
191,1008,"2025-02-04 21:09:29.939761",sell,Stocks,USD/GBP,0.543306659996215,516.564572715697,280.652972674537,649.283104994656,,
192,1008,"2025-02-03 12:15:40.939785",buy,"Derived Indices",JPY/GBP,6.00028953761647,16.6432864010194,99.8645372635909,793.803056668733,793.803056668733,777.159770267714
193,1008,"2025-02-04 09:56:07.939809",buy,Commodities,USD/EUR,2.36201879287223,114.206593345042,269.758119750906,972.305003931625,,
194,1008,"2025-02-04 07:39:25.939833",sell,Commodities,JPY/USD,7.58651477810675,394.106892347401,2989.89776294728,33.1185753649041,,
195,1008,"2025-02-06 16:51:31.939858",buy,Cryptocurrencies,USD/GBP,5.4992731000612,479.266364198324,2635.61662439998,994.909393328728,994.909393328728,515.643029130404
196,1008,"2025-02-07 09:01:20.939882",buy,Stocks,GBP/JPY,5.36934955837486,775.803502619218,4165.56019417417,483.09966354202,483.09966354202,-292.703839077198
197,1008,"2025-02-05 11:59:36.939906",sell,Stocks,USD/JPY,6.8061344830353,711.923587044162,4845.44767506745,512.371902458545,,
198,1008,"2025-02-07 19:20:21.939930",sell,"Derived Indices",GBP/EUR,7.37232143890199,818.589360818333,6034.90389441807,784.564446165486,,
199,1008,"2025-02-05 16:54:47.939954",sell,Stocks,USD/EUR,9.07873380746486,156.504305892176,1420.86093291712,713.775869515496,713.775869515496,557.27156362332
200,1008,"2025-02-02 08:46:56.939978",sell,Cryptocurrencies,GBP/USD,0.67163641350482,47.6017476569549,31.9710670728787,553.829254609142,553.829254609142,506.227506952187
201,1008,"2025-02-02 04:42:49.940003",sell,Stocks,EUR/JPY,4.97011789104672,517.773391985726,2573.3947990162,757.075009382606,,
202,1008,"2025-02-06 23:18:41.940027",sell,Stocks,EUR/JPY,8.66921374168307,516.162707578744,4474.72483748598,581.5062389408,581.5062389408,65.3435313620563
203,1008,"2025-02-04 14:48:33.940051",sell,Stocks,GBP/USD,4.44758318467411,208.469770373119,927.186645224356,855.422347285868,,
204,1008,"2025-02-02 18:35:03.940078",sell,Stocks,GBP/EUR,0.289249334854664,515.32816411419,149.058328701905,927.118780662786,927.118780662786,411.790616548596
205,1008,"2025-02-05 00:23:26.940103",sell,Stocks,JPY/EUR,3.40073248937519,636.21866886617,2163.60949756022,821.59982693488,821.59982693488,185.381158068711
206,1008,"2025-02-05 04:25:42.940127",buy,Commodities,USD/GBP,7.40490823375915,830.184606454626,6147.44082787596,24.1721248903894,,
207,1008,"2025-02-03 14:26:03.940152",sell,Cryptocurrencies,USD/EUR,7.03033930044383,823.70736958053,5790.94229242722,885.580032746957,885.580032746957,61.8726631664271
208,1008,"2025-02-02 16:22:33.940176",buy,"Derived Indices",USD/GBP,7.00778713312695,553.639032914401,3879.78449125439,581.270257817292,581.270257817292,27.6312249028908
209,1008,"2025-02-06 22:59:26.940200",sell,"Derived Indices",USD/EUR,7.1300895585749,249.808905646321,1781.15986978786,153.744547755814,153.744547755814,-96.0643578905076
210,1008,"2025-02-05 14:10:54.940224",buy,Commodities,USD/JPY,5.87424917531554,160.80629356989,944.616237388476,31.8066520115788,,
211,1008,"2025-02-03 01:14:15.940248",sell,Cryptocurrencies,EUR/GBP,7.22593538821139,421.960213790381,3049.05724124516,195.964424012396,195.964424012396,-225.995789777985
212,1008,"2025-02-02 02:13:36.940272",buy,Cryptocurrencies,EUR/JPY,3.10162118866436,531.015675734821,1647.00947137204,242.306907358091,242.306907358091,-288.70876837673
213,1008,"2025-02-02 23:25:50.940296",sell,Forex,USD/EUR,8.25540309200154,407.431174604062,3363.50857860419,883.172248024419,,
214,1008,"2025-02-07 04:35:39.940321",buy,Cryptocurrencies,GBP/JPY,0.720627254056472,56.3833894423271,40.6314071082209,709.906722581159,,
215,1008,"2025-02-07 10:37:07.940345",buy,Stocks,JPY/EUR,5.76091071971082,138.630625290344,798.638655315359,867.882501931596,867.882501931596,729.251876641252
216,1008,"2025-02-07 15:45:12.940369",sell,"Derived Indices",USD/JPY,4.98875900052359,964.437632325207,4811.34691870604,690.14907383821,,
217,1008,"2025-02-03 00:50:55.940393",buy,Cryptocurrencies,GBP/JPY,6.79347149100267,190.979164290331,1297.41150798188,138.304644683488,,
218,1008,"2025-02-05 03:21:31.940417",sell,"Derived Indices",USD/JPY,5.05397134253099,57.7041522693633,291.635131914407,957.231817329443,957.231817329443,899.52766506008
219,1008,"2025-02-02 18:49:27.940441",buy,Forex,EUR/JPY,8.23958087948259,61.8314699855977,509.465397843632,422.33938758484,422.33938758484,360.507917599243
220,1008,"2025-02-02 10:39:12.940465",sell,Stocks,JPY/USD,0.455792881723378,651.236039352292,296.828751058501,756.482804579098,756.482804579098,105.246765226806
221,1008,"2025-02-04 15:49:24.940490",buy,Forex,USD/EUR,8.91312852609813,401.179598535388,3575.76532379436,207.223122145113,207.223122145113,-193.956476390276
222,1008,"2025-02-06 23:39:58.940514",buy,Cryptocurrencies,EUR/GBP,2.49469994718604,548.367670587575,1368.01279885336,691.163999397654,,
223,1008,"2025-02-02 11:58:43.940538",sell,"Derived Indices",USD/JPY,2.74008444695358,738.838420810154,2024.47966567365,907.005226829502,907.005226829502,168.166806019347
224,1008,"2025-02-04 16:32:48.940562",buy,"Derived Indices",EUR/USD,1.40203084247214,460.369700612511,645.452519198407,227.607295334958,,
225,1008,"2025-02-05 07:03:27.940586",buy,Cryptocurrencies,JPY/USD,3.00375524672759,129.00515682937,387.499916681137,27.3768397329626,,
226,1008,"2025-02-07 10:17:52.940611",buy,Forex,JPY/USD,8.4859021871406,306.802522289584,2603.49619491743,974.452499378194,974.452499378194,667.64997708861
227,1008,"2025-02-02 23:35:04.940637",buy,Cryptocurrencies,JPY/USD,6.07258887657794,900.460660420641,5468.1273902664,938.004653782678,938.004653782678,37.543993362037
228,1008,"2025-02-06 18:07:28.940661",buy,Stocks,JPY/EUR,5.4903750947226,943.297075903171,5179.05477246343,991.414622548578,991.414622548578,48.1175466454072
229,1008,"2025-02-06 10:26:26.940686",sell,Cryptocurrencies,GBP/USD,2.83474951725402,897.114360676628,2543.09450084971,321.995568741228,321.995568741228,-575.1187919354
230,1008,"2025-02-04 10:51:07.940710",sell,"Derived Indices",USD/EUR,4.75288385476357,351.740286409268,1671.78072834453,297.599460614706,297.599460614706,-54.1408257945622
231,1008,"2025-02-06 04:44:03.940735",buy,Commodities,EUR/JPY,4.21485764819047,502.339321707283,2117.28873208475,54.1181852141924,,
232,1008,"2025-02-06 00:48:03.940759",sell,Stocks,JPY/GBP,5.51391044565375,624.699504315531,3444.53712224013,763.245801069351,763.245801069351,138.54629675382
233,1009,"2025-02-02 13:49:23.940784",sell,Forex,EUR/USD,7.95211445256772,59.4792383730819,472.985711094306,981.380603872475,981.380603872475,921.901365499393
234,1009,"2025-02-04 18:45:12.940809",buy,"Derived Indices",GBP/JPY,2.66946365344329,714.605577688588,1907.61361618753,573.844381771433,573.844381771433,-140.761195917156
235,1009,"2025-02-06 16:29:24.940833",buy,Commodities,JPY/GBP,9.60534248361393,794.6691651255,7633.06949219797,944.264576892019,944.264576892019,149.595411766519
236,1009,"2025-02-06 14:03:36.940861",buy,Cryptocurrencies,EUR/GBP,7.83535352208262,316.899937800071,2483.02304378955,463.652303888906,,
237,1009,"2025-02-07 17:23:32.940886",sell,"Derived Indices",EUR/GBP,6.3802005198297,363.459050530312,2318.94162313031,236.390011807573,236.390011807573,-127.069038722739
238,1009,"2025-02-04 23:56:41.940912",buy,Stocks,JPY/GBP,1.2731759736217,38.8780660088118,49.4986195432977,665.809671584057,665.809671584057,626.931605575246
239,1009,"2025-02-06 03:32:36.940936",buy,Stocks,JPY/EUR,0.998144852125817,517.593045334502,516.632833696758,639.089209202927,639.089209202927,121.496163868425
240,1009,"2025-02-06 08:16:50.940961",sell,"Derived Indices",GBP/JPY,4.21447856948262,992.517866481031,4182.94527811292,578.102841563468,578.102841563468,-414.415024917563
241,1009,"2025-02-03 01:41:45.940986",sell,Commodities,JPY/GBP,0.456586301085121,510.898328657582,233.269178112336,48.5406636924108,,
242,1009,"2025-02-07 18:28:57.941011",buy,"Derived Indices",USD/JPY,8.41263059151702,567.691395612716,4775.77800127253,333.075046622667,333.075046622667,-234.616348990049
243,1009,"2025-02-03 01:20:04.941042",buy,Cryptocurrencies,GBP/USD,2.12416277194165,824.929222401771,1752.28394371261,549.060711358736,549.060711358736,-275.868511043035
244,1009,"2025-02-02 17:35:53.941067",sell,Commodities,JPY/USD,8.28479300345985,880.701605020845,7296.43049541255,104.102515077366,104.102515077366,-776.599089943479
245,1009,"2025-02-06 18:30:34.941092",buy,Forex,JPY/USD,4.30975903583317,877.124252681887,3780.19417354418,289.647702106304,289.647702106304,-587.476550575583
246,1009,"2025-02-07 00:27:31.941117",buy,Cryptocurrencies,EUR/USD,0.199897006221345,725.896991143729,145.104635354713,211.542593770897,,
247,1009,"2025-02-04 09:55:17.941142",buy,Forex,EUR/GBP,4.28402905043473,666.416719885388,2854.94858768443,849.94112529962,849.94112529962,183.524405414231
248,1009,"2025-02-05 03:19:11.941168",sell,Commodities,GBP/EUR,9.85009818734851,377.231598076188,3715.76828042084,808.626584497792,808.626584497792,431.394986421604
249,1009,"2025-02-07 05:34:13.941193",sell,"Derived Indices",USD/GBP,7.82825400251302,549.051989512827,4298.11843449152,175.64809096105,175.64809096105,-373.403898551777
250,1009,"2025-02-02 05:29:20.941219",buy,Cryptocurrencies,USD/JPY,1.1149080442581,303.594313083871,338.479741848219,761.415229696712,761.415229696712,457.82091661284
251,1009,"2025-02-07 13:10:06.941243",buy,Forex,JPY/EUR,9.2178457588561,700.237288090541,6454.67931621829,467.098982374988,467.098982374988,-233.138305715553
252,1009,"2025-02-07 19:34:27.941269",buy,Cryptocurrencies,USD/JPY,9.78740213705249,203.288196926927,1989.66333304015,342.254349727144,342.254349727144,138.966152800217
253,1009,"2025-02-02 23:32:51.941293",buy,Cryptocurrencies,JPY/GBP,7.37099492754836,386.712532771196,2850.45611747586,788.343595738447,,
254,1009,"2025-02-05 14:19:10.941324",buy,Forex,JPY/USD,5.63390827758776,619.752796519954,3491.63041037193,106.539182384488,106.539182384488,-513.213614135466
255,1009,"2025-02-07 14:14:15.941349",buy,Cryptocurrencies,GBP/EUR,1.87463055788712,509.747642321483,955.588507106766,864.014066437687,864.014066437687,354.266424116204
256,1009,"2025-02-05 11:23:43.941375",sell,Stocks,USD/JPY,8.72699893848946,165.700476097918,1446.06787901373,297.145076642813,297.145076642813,131.444600544894
257,1009,"2025-02-06 05:38:49.941400",buy,Commodities,GBP/EUR,1.95045296202377,631.713448778057,1232.12736731941,171.186899180095,,
258,1009,"2025-02-05 10:17:02.941426",sell,Forex,JPY/USD,0.77669668306859,340.709466012082,264.627912141654,410.482111718131,410.482111718131,69.7726457060494
259,1009,"2025-02-05 00:28:09.941453",buy,Stocks,JPY/EUR,6.45317053325573,66.0197995852485,426.037025294974,945.004096867361,945.004096867361,878.984297282112
260,1009,"2025-02-02 02:04:44.941481",sell,"Derived Indices",GBP/JPY,0.768275212169837,283.555917381195,217.84898258805,980.565053532763,980.565053532763,697.009136151568
261,1009,"2025-02-03 13:28:50.941507",sell,Forex,EUR/USD,4.03636254767342,707.508883747171,2855.76236050331,353.058926273191,353.058926273191,-354.44995747398
262,1009,"2025-02-05 06:31:44.941532",sell,Stocks,JPY/USD,0.862096723943166,660.188502839811,569.146345483145,607.600828553781,607.600828553781,-52.5876742860302
263,1009,"2025-02-07 00:13:24.941557",buy,Stocks,EUR/JPY,6.45215589739081,463.441989551576,2990.19996598373,557.84522596544,,
264,1009,"2025-02-06 13:00:36.941582",sell,Forex,USD/GBP,6.01691599875676,613.907342908691,3693.82891330155,278.385291226425,278.385291226425,-335.522051682266
265,1009,"2025-02-06 01:18:09.941607",buy,Cryptocurrencies,GBP/EUR,5.91710012398308,739.169876051445,4373.74216522856,210.60630779399,210.60630779399,-528.563568257455
266,1009,"2025-02-07 04:49:04.941632",sell,Forex,GBP/USD,2.28278856538571,936.904468019087,2138.75480645275,940.254996180573,940.254996180573,3.35052816148618
267,1009,"2025-02-06 04:06:14.941660",buy,Stocks,EUR/USD,8.09117425603276,333.7741977103,2700.62519584157,93.4583014652369,93.4583014652369,-240.315896245063
268,1009,"2025-02-07 02:37:40.941692",buy,Cryptocurrencies,USD/EUR,7.16912196144346,617.158768038505,4424.48647764224,249.601859181068,249.601859181068,-367.556908857437
269,1009,"2025-02-07 08:28:25.941717",sell,"Derived Indices",JPY/GBP,7.35406140038304,255.084172577088,1875.9046673978,464.351111430852,,
270,1009,"2025-02-02 05:38:58.941743",sell,Forex,GBP/EUR,2.90471714800681,886.114665098782,2573.91246281275,498.565982232864,498.565982232864,-387.548682865918
271,1009,"2025-02-05 08:25:17.941767",sell,Forex,JPY/USD,8.01721576325213,773.035105596496,6197.5892341355,214.155231033298,214.155231033298,-558.879874563198
272,1010,"2025-02-07 03:37:09.941792",buy,Commodities,EUR/GBP,7.08406221980651,459.801968836979,3257.26575603069,255.899772655775,255.899772655775,-203.902196181203
273,1010,"2025-02-04 03:59:46.941816",sell,Cryptocurrencies,USD/JPY,5.94330332559384,787.246736954751,4678.84614980607,209.087740168241,209.087740168241,-578.15899678651
274,1010,"2025-02-04 07:32:13.941841",buy,"Derived Indices",USD/GBP,9.24786601721476,715.830407780218,6619.90370219966,414.689488616841,,
275,1010,"2025-02-04 00:44:01.941865",sell,Forex,JPY/USD,8.07786087291655,723.359893157962,5843.2005779778,451.739208767768,451.739208767768,-271.620684390194
276,1010,"2025-02-03 02:09:43.941889",sell,"Derived Indices",GBP/EUR,7.88494155730867,829.835660716279,6543.20568691849,811.23115430241,,
277,1010,"2025-02-07 05:12:59.941913",buy,Cryptocurrencies,GBP/JPY,5.26383402051245,86.8643682288935,457.23961665357,355.401174291405,355.401174291405,268.536806062512
278,1010,"2025-02-05 00:24:39.941937",buy,Commodities,USD/EUR,3.90955581048892,464.597341395236,1816.36923558945,724.709935240523,724.709935240523,260.112593845286
279,1010,"2025-02-06 17:27:24.941961",sell,"Derived Indices",JPY/EUR,0.289376767729141,519.784016414127,150.413418587191,92.7187941355829,,
280,1010,"2025-02-06 06:42:32.941986",buy,Cryptocurrencies,JPY/EUR,1.75261760109326,127.230888784173,222.98709508588,317.892469785353,,
281,1010,"2025-02-05 12:46:35.942010",sell,Stocks,GBP/USD,7.05124635220011,434.654890095843,3064.85870825425,699.465508965746,699.465508965746,264.810618869903
282,1010,"2025-02-03 00:32:34.942034",sell,"Derived Indices",USD/GBP,5.00746712729572,31.9200607179032,159.838654746184,699.660998505216,699.660998505216,667.740937787313
283,1010,"2025-02-07 15:21:03.942058",buy,Stocks,GBP/USD,9.51927608438424,767.152962734685,7302.7408512248,775.256854092531,775.256854092531,8.10389135784646
284,1010,"2025-02-07 19:18:39.942082",sell,Forex,GBP/USD,0.198789888918649,632.142192048441,125.663476138101,260.739659687488,260.739659687488,-371.402532360953
285,1010,"2025-02-03 00:17:27.942107",buy,Commodities,EUR/USD,4.56781171898962,490.243713379745,2239.34097913699,793.642620565456,793.642620565456,303.398907185711
286,1010,"2025-02-05 10:40:22.942131",sell,Forex,EUR/GBP,2.1143801507262,393.947829017762,832.955470096834,902.756288260766,902.756288260766,508.808459243005
287,1010,"2025-02-04 07:05:16.942155",sell,Commodities,USD/JPY,8.05776399741512,651.834827377575,5252.33120430432,381.714239181835,,
288,1010,"2025-02-05 03:30:14.942179",buy,Stocks,EUR/USD,3.80735595968337,731.942395484507,2786.76524159286,709.56792083292,709.56792083292,-22.3744746515861
289,1010,"2025-02-05 11:31:19.942203",sell,Forex,GBP/USD,1.12641794926934,379.508744815441,427.48546206479,104.417886250328,104.417886250328,-275.090858565113
290,1010,"2025-02-06 16:45:23.942227",buy,Cryptocurrencies,USD/JPY,0.24481976288899,356.700961179823,87.327444738319,760.916862107227,760.916862107227,404.215900927404
291,1010,"2025-02-07 16:04:10.942252",buy,"Derived Indices",GBP/EUR,6.57591409657595,909.14620381332,5978.46733750452,601.183752930399,601.183752930399,-307.962450882921
292,1010,"2025-02-04 12:20:57.942276",sell,Cryptocurrencies,EUR/JPY,2.49085621712905,278.233271333202,693.03907371246,320.688540142171,,
293,1010,"2025-02-06 10:22:53.942300",sell,Forex,EUR/JPY,4.49420596537088,562.348170699194,2527.30850337172,142.314075596413,142.314075596413,-420.034095102781
294,1010,"2025-02-02 15:36:21.942324",sell,Commodities,GBP/USD,5.33437174907451,640.394099873884,3416.10019464125,232.791457409163,232.791457409163,-407.602642464721
295,1010,"2025-02-05 18:26:46.942348",sell,"Derived Indices",EUR/JPY,4.66907698312721,72.5088899981174,338.549589362313,823.431453632153,823.431453632153,750.922563634036
296,1010,"2025-02-03 02:21:35.942372",buy,Cryptocurrencies,USD/JPY,0.433396398357194,438.022764139314,189.837488376441,266.980684782299,,
297,1010,"2025-02-02 03:46:02.942396",sell,"Derived Indices",JPY/USD,7.38866593703265,434.695082522482,3211.81674922946,519.059029609246,,
298,1010,"2025-02-05 20:39:30.942423",buy,Commodities,GBP/USD,7.50702072928358,103.968757453453,780.495617400928,333.372856931652,333.372856931652,229.404099478199
299,1010,"2025-02-05 19:02:53.942447",buy,Cryptocurrencies,JPY/USD,8.92793756550718,310.98996972352,2776.49903319055,961.547821553063,961.547821553063,650.557851829544
300,1010,"2025-02-03 19:11:30.942471",buy,"Derived Indices",EUR/USD,3.15866430167471,26.9782840960461,85.2153428946195,709.096917097864,709.096917097864,682.118633001817
301,1010,"2025-02-05 19:18:03.942495",sell,"Derived Indices",USD/EUR,9.90772365495108,865.78891439968,8577.99730739213,585.140876089298,585.140876089298,-280.648038310383
302,1010,"2025-02-03 11:08:48.942519",buy,Commodities,USD/GBP,3.7777108422284,573.789639330531,2167.61134165727,385.336381791891,385.336381791891,-188.453257538641
303,1010,"2025-02-05 01:21:18.942544",sell,Stocks,USD/EUR,5.97226636849074,653.013840410373,3899.97259724185,717.949159670863,717.949159670863,64.9353192604901
304,1010,"2025-02-02 03:37:45.942568",sell,Stocks,GBP/USD,6.47814156414303,925.796703589584,5997.4421054703,63.8468410370881,63.8468410370881,-861.949862552496
305,1010,"2025-02-07 15:30:07.942592",sell,Cryptocurrencies,JPY/GBP,6.71082985687121,187.562450186349,1258.69969073847,460.62027181632,460.62027181632,273.057821629971
306,1010,"2025-02-06 06:00:13.942616",sell,"Derived Indices",EUR/JPY,6.88843537504308,179.719834943437,1237.98846862128,460.32371837484,460.32371837484,280.603883431402
307,1010,"2025-02-02 09:21:06.942642",sell,Commodities,EUR/USD,5.87358896234327,576.881160553202,3388.36281720906,922.094437090846,,
308,1010,"2025-02-06 05:13:16.942667",sell,Stocks,EUR/USD,5.06559942918769,253.823158622426,1285.76644743238,600.808655762073,600.808655762073,346.985497139646
309,1010,"2025-02-02 23:09:59.942691",buy,Commodities,JPY/USD,6.26404228262672,997.265520904567,6246.91338995196,898.392207133023,,
310,1010,"2025-02-02 08:13:29.942716",buy,"Derived Indices",JPY/USD,8.92974172223997,441.039709713978,3938.37069699752,672.61552307026,672.61552307026,231.575813356282
311,1010,"2025-02-06 14:49:10.942740",sell,Stocks,USD/EUR,1.09968325749583,237.072119267296,260.704240377301,275.876545779106,275.876545779106,38.8044265118105
312,1010,"2025-02-03 14:25:28.942764",sell,"Derived Indices",JPY/GBP,6.34275132167261,18.6190855919181,118.096229746474,215.200249276991,,
313,1010,"2025-02-04 04:57:55.942788",sell,"Derived Indices",GBP/EUR,1.55452704347933,71.9391937972571,111.831422243937,810.93340388876,,
314,1010,"2025-02-05 08:02:03.942812",buy,Forex,GBP/EUR,3.18572930229891,483.711155093402,1540.9728006299,310.587698762402,310.587698762402,-173.123456331
315,1010,"2025-02-05 22:51:15.942836",sell,Commodities,USD/JPY,5.78544699339309,424.421202169147,2455.46636802177,727.756015536128,727.756015536128,303.334813366981
316,1010,"2025-02-07 12:53:48.942861",sell,Forex,GBP/EUR,6.59494471755947,25.6649402768526,169.258862305308,476.158682660945,476.158682660945,450.493742384092
317,1010,"2025-02-05 06:15:52.942885",buy,Commodities,USD/GBP,1.34742007585354,334.950774621556,451.31939814778,764.82248908812,764.82248908812,429.871714466564
